gene_id	baseMean	log2FoldChange	lfcSE	pvalue	padj
ENSMUSG00000090546	267.4489	-17.7244	2.73328028	6.415021e-11	9.546193e-07
ENSMUSG00000094812	40.42129	19.06559	6.85687486	3.761499e-07	0.002205033
